.hoodie/.20260925184129525.commit.crc	60	99aeb7c623f141576d5ea3a3e7d9ae875bdd85639fe087e0713741e0e125461a
.hoodie/.20260925184129525.commit.requested.crc	8	1d44f510ec2ed7595badbec80583316defc14e8dd89130d719724149adfaa07d
.hoodie/.20260925184129525.inflight.crc	44	ede245ff9d6ad46c24afb9cd5b1708c192059d902efec62423567fe44d0bc288
.hoodie/.hoodie.properties.crc	16	3c8dbff155c3d5f19ac6ffd3430adee794df2b628c40b609d9382da65ecf5e8b
.hoodie/20260925184129525.commit	6374	8f5fbb0347e7277e886da8920d17ea40f3b215532c2646716cc36addd3573156
.hoodie/20260925184129525.commit.requested	0	e3b0c44298fc1c149afbf4c8996fb92427ae41e4649b934ca495991b7852b855
.hoodie/20260925184129525.inflight	4262	b36033b404c93c3ce025c82376876bfab38a2a2bafa8fc58ee75ec028703b0c2
.hoodie/hoodie.properties	890	2a839f97b360bf586bab0e84f85186e887b1a14fd1dd2ad0fd57be21aa13c289
.hoodie/metadata/.hoodie/.00000000000000010.deltacommit.crc	76	bcf33576baeb1328d3ef453d19af384c3d79349722850430d4f581391b321d64
.hoodie/metadata/.hoodie/.00000000000000010.deltacommit.inflight.crc	8	1d44f510ec2ed7595badbec80583316defc14e8dd89130d719724149adfaa07d
.hoodie/metadata/.hoodie/.00000000000000010.deltacommit.requested.crc	8	1d44f510ec2ed7595badbec80583316defc14e8dd89130d719724149adfaa07d
.hoodie/metadata/.hoodie/.20260925184129525.deltacommit.crc	80	70c38b05fdd8e85fb9dcbdfb0e0d980992018a5c68caf77fe944f30dd2cc3c4f
.hoodie/metadata/.hoodie/.20260925184129525.deltacommit.inflight.crc	20	b439e81f3632e23d1eda2c21ddd3f05b9ee5c22153fd042948892b38480fefae
.hoodie/metadata/.hoodie/.20260925184129525.deltacommit.requested.crc	8	1d44f510ec2ed7595badbec80583316defc14e8dd89130d719724149adfaa07d
.hoodie/metadata/.hoodie/.hoodie.properties.crc	16	2378995185a34eed0279f8ff1d7e5af16dcc0e04be0497dcf8afb646d1f43348
.hoodie/metadata/.hoodie/00000000000000010.deltacommit	8550	1b74008ec73999b93236800c7df946773854c09d8eaecca931a9e2cec127eacf
.hoodie/metadata/.hoodie/00000000000000010.deltacommit.inflight	0	e3b0c44298fc1c149afbf4c8996fb92427ae41e4649b934ca495991b7852b855
.hoodie/metadata/.hoodie/00000000000000010.deltacommit.requested	0	e3b0c44298fc1c149afbf4c8996fb92427ae41e4649b934ca495991b7852b855
.hoodie/metadata/.hoodie/20260925184129525.deltacommit	8857	35de0bcbf705f5452a42180b2f4beceadf447473cf43950c4edf2d7df940eef7
.hoodie/metadata/.hoodie/20260925184129525.deltacommit.inflight	1507	03236cae9b8ce918eb1cb5b22162783fade35ab3d26850d08c2d4aabb4916121
.hoodie/metadata/.hoodie/20260925184129525.deltacommit.requested	0	e3b0c44298fc1c149afbf4c8996fb92427ae41e4649b934ca495991b7852b855
.hoodie/metadata/.hoodie/hoodie.properties	674	c04a932b69f8fac3e984da83ef33cbdd0a2ec7e8b0c81e3c8fbbe8b795e79374
.hoodie/metadata/files/..files-0000-0_00000000000000010.log.1_0-0-0.crc	12	dd9922dbec19297f56c668194736ee879e4c32ac41e6bc86a2e07c989a7d7308
.hoodie/metadata/files/..files-0000-0_00000000000000010.log.2_0-19-32.crc	116	0006ee2bf8f2bb368080372014b18c3c0d4b43aaa1a5b201a069d20f0f25b68e
.hoodie/metadata/files/..hoodie_partition_metadata.crc	12	5d271786ea3535c2fd7281450d2c8b0c38de591ddd645c5c96c817eade0432d6
.hoodie/metadata/files/.files-0000-0_0-5-4_00000000000000010.hfile.crc	64	e710f9cc95e2931f3e7356ce671260def850fab4c837e4440dd80e21759632ba
.hoodie/metadata/files/.files-0000-0_00000000000000010.log.1_0-0-0	80	4b9937f0133e2f8a617e1b01c61669f25ced22bf423309c1fa4b90a96981d284
.hoodie/metadata/files/.files-0000-0_00000000000000010.log.2_0-19-32	13628	6b51169a08100695cd048ad9ed05b4e1b3edacd5274d8c1b207e53910bdd153f
.hoodie/metadata/files/.hoodie_partition_metadata	96	b2093c4a8b775fe692d14294c145048b475e844a15f6007a569adb67230af6ed
.hoodie/metadata/files/files-0000-0_0-5-4_00000000000000010.hfile	6807	ccc5d087c397124f01d73173777e2b16e3b38c0cdeecf9774805c4203979001c
books/..hoodie_partition_metadata.crc	12	df960da9ea324b52d9cab2591ae9773501ce8f3e37281bdb7c46994a7275965b
books/.76c2f8b4-440f-4f30-876d-c3f7f1fc3fac-0_2-12-18_20260925184129525.parquet.crc	3424	8b61665e8fb0898790f6e73a01ec8a4aa61137aa777ee4501a21e49888ffa29c
books/.hoodie_partition_metadata	96	67555d2b302d23e5efa173b23ebc184c8a510503fc4c38e3dfbf2bcc60b6ae62
books/76c2f8b4-440f-4f30-876d-c3f7f1fc3fac-0_2-12-18_20260925184129525.parquet	437082	676a218f9eb9f0dccac1713452ed1a14fe4acf5d6580e8bccb4583e20b7fea22
clothing/..hoodie_partition_metadata.crc	12	df960da9ea324b52d9cab2591ae9773501ce8f3e37281bdb7c46994a7275965b
clothing/.4c47ef66-ff37-4713-8782-522cfdef8245-0_4-12-20_20260925184129525.parquet.crc	3424	e9dc9436da4a737d915552f4eb308e536c5c382c766a90db5b0e123bf62d5d2c
clothing/.hoodie_partition_metadata	96	67555d2b302d23e5efa173b23ebc184c8a510503fc4c38e3dfbf2bcc60b6ae62
clothing/4c47ef66-ff37-4713-8782-522cfdef8245-0_4-12-20_20260925184129525.parquet	437120	f5908e3ac7381d4782db72f5c32dadb029404c0fb72ea4cfa2f9c0ab590a9aca
electronics/..hoodie_partition_metadata.crc	12	224e77c50d99e72e3af64c96cfc61e0aa85b9f1c996aec0f9856d5c572013046
electronics/.c7c6fdde-e281-495b-845b-ffcb19ca82af-0_0-12-16_20260925184129525.parquet.crc	3424	d043fd60b3ade272ce759f0c0be0a35c69ecb75289111a4c34ce8d086f1c38b2
electronics/.hoodie_partition_metadata	96	fd1839f67d2d3f61daac28c9481483449153bcfb4dc2f479708c720a7c13e7d3
electronics/c7c6fdde-e281-495b-845b-ffcb19ca82af-0_0-12-16_20260925184129525.parquet	437145	fb4d79243eb774b440a6bcc8281ba16ba83bf9dc1f8985030276272ae06a55cf
home/..hoodie_partition_metadata.crc	12	df960da9ea324b52d9cab2591ae9773501ce8f3e37281bdb7c46994a7275965b
home/.bd938a88-ef4e-4f04-9b3f-002eb82bb4ae-0_5-12-21_20260925184129525.parquet.crc	3424	062311737dba15c974534032abc5863bba62d5464dc83260f2e705ae65082a1b
home/.hoodie_partition_metadata	96	67555d2b302d23e5efa173b23ebc184c8a510503fc4c38e3dfbf2bcc60b6ae62
home/bd938a88-ef4e-4f04-9b3f-002eb82bb4ae-0_5-12-21_20260925184129525.parquet	437066	3bc7a83d327557467c2523af20da9c428202ae29d15fb3717e1291faebef6b80
sports/..hoodie_partition_metadata.crc	12	df960da9ea324b52d9cab2591ae9773501ce8f3e37281bdb7c46994a7275965b
sports/.3bd9f09e-4d33-4d69-ad98-6e3655bc1363-0_3-12-19_20260925184129525.parquet.crc	3424	716fee2c3deaf0442863ad147594f0d0703dde0f429bb056d3912402c133a944
sports/.hoodie_partition_metadata	96	67555d2b302d23e5efa173b23ebc184c8a510503fc4c38e3dfbf2bcc60b6ae62
sports/3bd9f09e-4d33-4d69-ad98-6e3655bc1363-0_3-12-19_20260925184129525.parquet	437137	087893d2f348206d6e7fc8157dc5058ed6f3bb5ac19deee5f40f76ace5eda41f
toys/..hoodie_partition_metadata.crc	12	224e77c50d99e72e3af64c96cfc61e0aa85b9f1c996aec0f9856d5c572013046
toys/.90961fca-9f0d-4ed8-927b-4fcf86b42c09-0_1-12-17_20260925184129525.parquet.crc	3424	0e64b79b6ad0cf047de91b9322705477aa3ca6ec989a5722c46adfb31f522b27
toys/.hoodie_partition_metadata	96	fd1839f67d2d3f61daac28c9481483449153bcfb4dc2f479708c720a7c13e7d3
toys/90961fca-9f0d-4ed8-927b-4fcf86b42c09-0_1-12-17_20260925184129525.parquet	437102	accc1539474fef2f95b78afa972e0b2ecf70460870b54fdf9121f378252ab6fe
